plot_id,year,crop_type,planting_date,harvest_yield_kg
P0001,2023,Corn,2024-04-22,4730.22
P0002,2024,Soybeans,2024-04-01,6085.45
P0003,2024,Wheat,2024-04-29,7665.22
P0004,2024,Soybeans,2024-04-22,5270.92
P0005,2023,Wheat,2024-04-08,6363.71
P0006,2023,Soybeans,2024-04-04,3948.07
P0007,2023,Soybeans,2024-04-10,4352.28
P0008,2024,Wheat,2024-04-10,6066.89
P0009,2024,Corn,2024-04-25,7280.94
P0010,2024,Soybeans,2024-04-19,5926.74
P0011,2023,Corn,2024-04-07,5124.33
P0012,2024,Rice,2024-03-31,5499.15
P0013,2024,Rice,2024-04-03,3999.51
P0014,2023,Corn,2024-04-30,6225.42
P0015,2023,Soybeans,2024-04-14,6558.8
P0016,2023,Rice,2024-04-12,4957.49
P0017,2023,Corn,2024-04-15,4935.95
P0018,2024,Soybeans,2024-03-29,5819.05
P0019,2024,Rice,2024-04-27,4975.94
P0020,2023,Corn,2024-04-21,5420.64
P0021,2024,Soybeans,2024-04-01,8019.67
P0022,2023,Corn,2024-03-31,5203.57
P0023,2023,Rice,2024-04-09,5069.99
P0024,2023,Rice,2024-04-12,4722.95
P0025,2024,Rice,2024-04-26,6393.03
P0026,2024,Soybeans,2024-04-05,5282.53
P0027,2023,Wheat,2024-04-14,4720.75
P0028,2024,Wheat,2024-04-18,7085.56
P0029,2024,Corn,2024-04-09,7203.52
P0030,2023,Wheat,2024-04-01,4779.49
P0031,2024,Corn,2024-04-15,3260.15
P0032,2023,Soybeans,2024-04-20,6709.02
P0033,2023,Corn,2024-04-08,4678.44
P0034,2024,Corn,2024-05-01,6448.75
P0035,2024,Corn,2024-04-15,3135.88
P0036,2024,Soybeans,2024-04-12,6571.12
P0037,2023,Corn,2024-03-30,4046.59
P0038,2023,Soybeans,2024-03-28,6376.92
P0039,2024,Corn,2024-04-17,5517.13
P0040,2024,Corn,2024-04-20,4355.27
P0041,2023,Soybeans,2024-05-01,5011.56
P0042,2024,Wheat,2024-04-18,6323.58
P0043,2023,Corn,2024-04-13,5627.07
P0044,2024,Soybeans,2024-04-19,6201.3
P0045,2023,Wheat,2024-04-15,7871.73
P0046,2024,Soybeans,2024-04-06,3622.91
P0047,2023,Corn,2024-04-27,7440.66
P0048,2024,Corn,2024-03-29,5625.23
P0049,2024,Wheat,2024-04-01,4421.46
P0050,2023,Corn,2024-04-16,3903.62
P0051,2024,Wheat,2024-04-27,5273.06
P0052,2024,Soybeans,2024-04-11,6605.98
P0053,2024,Rice,2024-04-18,5346.94
P0054,2024,Wheat,2024-04-28,7313.39
P0055,2024,Rice,2024-04-22,3758.59
P0056,2024,Corn,2024-05-03,5485.49
P0057,2023,Wheat,2024-04-16,3997.13
P0058,2023,Corn,2024-04-11,5936.36
P0059,2023,Soybeans,2024-04-28,6564.26
P0060,2023,Soybeans,2024-03-31,4995.09
P0061,2023,Wheat,2024-03-31,2374.94
P0062,2023,Rice,2024-04-28,5738.74
P0063,2024,Wheat,2024-03-26,6024.09
P0064,2023,Corn,2024-04-04,5985.15
P0065,2023,Corn,2024-04-15,6982.94
P0066,2024,Soybeans,2024-03-30,4214.74
P0067,2023,Corn,2024-03-27,6316.26
P0068,2024,Corn,2024-04-16,6931.01
P0069,2023,Corn,2024-03-27,3365.69
P0070,2024,Corn,2024-04-04,5883.58
P0071,2024,Corn,2024-04-28,4894.98
P0072,2023,Corn,2024-04-10,5402.17
P0073,2023,Corn,2024-05-03,5917.21
P0074,2024,Corn,2024-04-16,4915.33
P0075,2024,Rice,2024-04-06,4689.15
P0076,2024,Corn,2024-04-18,5540.98
P0077,2024,Corn,2024-05-04,4195.3
P0078,2023,Soybeans,2024-05-02,4197.01
P0079,2023,Corn,2024-04-04,6315.25
P0080,2023,Rice,2024-04-29,4121.45
P0081,2024,Wheat,2024-04-26,6299.58
P0082,2024,Corn,2024-04-01,6055.11
P0083,2023,Corn,2024-04-15,3429.03
P0084,2023,Wheat,2024-04-14,4686.92
P0085,2023,Rice,2024-04-20,6932.93
P0086,2023,Soybeans,2024-03-29,4322.6
P0087,2024,Soybeans,2024-04-16,4942.71
P0088,2024,Corn,2024-04-09,6054.47
P0089,2024,Rice,2024-05-04,6440.07
P0090,2024,Corn,2024-04-15,5198.15
P0091,2023,Rice,2024-04-09,4782.99
P0092,2024,Soybeans,2024-04-16,7206.84
P0093,2024,Soybeans,2024-04-22,7586.68
P0094,2024,Soybeans,2024-04-08,6674.63
P0095,2024,Corn,2024-04-21,5602.38
P0096,2024,Corn,2024-05-04,4530.08
P0097,2024,Corn,2024-04-22,4503.47
P0098,2024,Corn,2024-04-20,6127.02
P0099,2023,Wheat,2024-03-27,6002.08
P0100,2023,Corn,2024-04-19,7181.92
P0101,2023,Corn,2024-03-28,6280.54
P0102,2024,Rice,2024-04-02,3696.3
P0103,2023,Wheat,2024-04-27,6762.34
P0104,2024,Rice,2024-04-29,4302.33
P0105,2024,Rice,2024-03-31,5039.23
P0106,2023,Corn,2024-05-03,5800.24
P0107,2024,Corn,2024-04-17,7894.8
P0108,2024,Wheat,2024-04-19,9000.0
P0109,2023,Soybeans,2024-04-13,6228.07
P0110,2023,Corn,2024-03-30,5280.16
P0111,2023,Wheat,2024-04-05,6141.41
P0112,2023,Corn,2024-04-06,6565.19
P0113,2024,Corn,2024-04-04,5115.2
P0114,2024,Soybeans,2024-04-02,7654.25
P0115,2024,Soybeans,2024-04-18,5776.08
P0116,2024,Soybeans,2024-04-22,6097.29
P0117,2024,Corn,2024-04-30,6299.11
P0118,2023,Wheat,2024-05-01,6005.9
P0119,2024,Corn,2024-04-15,6506.73
P0120,2024,Corn,2024-04-02,4759.3
P0121,2024,Wheat,2024-04-03,4830.04
P0122,2024,Rice,2024-04-09,4179.81
P0123,2023,Wheat,2024-05-04,6027.4
P0124,2023,Wheat,2024-04-12,6434.72
P0125,2023,Soybeans,2024-04-14,6049.33
P0126,2024,Soybeans,2024-03-31,7509.39
P0127,2024,Corn,2024-04-06,5493.28
P0128,2024,Corn,2024-03-27,6302.49
P0129,2023,Corn,2024-04-01,4189.96
P0130,2024,Corn,2024-04-10,5035.48
P0131,2024,Soybeans,2024-03-28,6334.65
P0132,2023,Soybeans,2024-03-28,6518.92
P0133,2023,Corn,2024-04-21,5147.24
P0134,2023,Corn,2024-05-04,5414.08
P0135,2024,Soybeans,2024-05-02,3678.55
P0136,2023,Corn,2024-04-27,5071.56
P0137,2024,Wheat,2024-04-22,6568.46
P0138,2024,Soybeans,2024-03-26,6190.25
P0139,2023,Soybeans,2024-04-02,6100.8
P0140,2024,Soybeans,2024-05-01,5559.73
P0141,2024,Wheat,2024-04-26,5508.48
P0142,2023,Corn,2024-05-01,4707.61
P0143,2024,Soybeans,2024-03-29,6338.59
P0144,2023,Soybeans,2024-04-24,6005.17
P0145,2023,Corn,2024-03-31,6090.42
P0146,2023,Wheat,2024-04-13,4868.76
P0147,2024,Wheat,2024-04-26,2915.99
P0148,2024,Soybeans,2024-04-03,6816.58
P0149,2023,Wheat,2024-04-06,4925.4
P0150,2023,Wheat,2024-04-05,4464.67
P0151,2024,Soybeans,2024-04-10,6332.17
P0152,2023,Wheat,2024-03-26,5029.58
P0153,2023,Soybeans,2024-04-15,6771.92
P0154,2024,Soybeans,2024-04-24,6240.41
P0155,2024,Soybeans,2024-04-07,6320.28
P0156,2023,Wheat,2024-04-28,3860.85
P0157,2024,Corn,2024-03-29,6954.33
P0158,2024,Wheat,2024-04-22,5813.5
P0159,2023,Wheat,2024-05-02,5056.87
P0160,2024,Corn,2024-04-25,5672.07
P0161,2023,Wheat,2024-04-21,3368.52
P0162,2024,Corn,2024-03-30,5990.38
P0163,2024,Corn,2024-04-19,4264.75
P0164,2024,Soybeans,2024-03-28,3876.8
P0165,2023,Corn,2024-04-27,3673.17
P0166,2024,Wheat,2024-03-29,6835.23
P0167,2023,Wheat,2024-04-19,4744.88
P0168,2023,Soybeans,2024-04-14,7340.47
P0169,2023,Corn,2024-04-28,4857.04
P0170,2024,Corn,2024-04-20,3451.17
P0171,2024,Soybeans,2024-03-30,4160.17
P0172,2023,Rice,2024-04-29,6982.97
P0173,2024,Soybeans,2024-04-22,5312.92
P0174,2023,Corn,2024-04-23,4842.06
P0175,2024,Soybeans,2024-04-03,5692.02
P0176,2023,Soybeans,2024-05-02,6102.14
P0177,2024,Wheat,2024-03-31,6840.88
P0178,2023,Corn,2024-04-13,7238.2
P0179,2024,Wheat,2024-04-05,5068.28
P0180,2023,Soybeans,2024-03-27,3908.74
P0181,2023,Rice,2024-04-03,5003.84
P0182,2023,Corn,2024-04-15,5812.34
P0183,2024,Soybeans,2024-04-18,4343.49
P0184,2024,Rice,2024-04-28,4351.42
P0185,2023,Corn,2024-04-16,5912.55
P0186,2024,Rice,2024-03-28,5441.62
P0187,2024,Soybeans,2024-04-06,5539.36
P0188,2024,Corn,2024-04-22,4589.81
P0189,2024,Corn,2024-04-24,5223.52
P0190,2023,Soybeans,2024-04-20,4390.92
P0191,2023,Corn,2024-04-15,6568.24
P0192,2024,Soybeans,2024-04-22,6742.3
P0193,2024,Corn,2024-04-20,3284.57
P0194,2024,Soybeans,2024-04-27,4384.59
P0195,2023,Corn,2024-04-15,3704.16
P0196,2023,Wheat,2024-04-29,4719.97
P0197,2024,Rice,2024-04-28,5399.87
P0198,2024,Rice,2024-04-12,3760.43
P0199,2024,Soybeans,2024-04-05,4393.77
P0200,2024,Corn,2024-04-17,4295.25
P0201,2024,Wheat,2024-04-16,5748.72
P0202,2023,Corn,2024-04-11,5583.21
P0203,2023,Corn,2024-03-30,4633.91
P0204,2024,Corn,2024-04-05,5712.19
P0205,2024,Soybeans,2024-04-24,4843.98
P0206,2023,Wheat,2024-04-09,5174.01
P0207,2023,Soybeans,2024-04-21,7508.14
P0208,2024,Corn,2024-04-29,7108.55
P0209,2023,Corn,2024-04-27,3940.5
P0210,2023,Rice,2024-04-14,6495.68
P0211,2024,Corn,2024-04-10,6473.68
P0212,2024,Soybeans,2024-04-28,4122.08
P0213,2024,Corn,2024-03-27,6482.53
P0214,2023,Wheat,2024-04-29,7345.52
P0215,2024,Soybeans,2024-05-04,4152.95
P0216,2023,Corn,2024-04-22,4399.0
P0217,2023,Corn,2024-05-03,6721.19
P0218,2024,Soybeans,2024-03-31,5825.79
P0219,2024,Soybeans,2024-04-03,6161.77
P0220,2024,Corn,2024-04-14,5908.71
P0221,2024,Rice,2024-03-26,5968.84
P0222,2024,Corn,2024-04-02,3908.23
P0223,2023,Corn,2024-04-17,6756.78
P0224,2023,Rice,2024-03-28,6903.51
P0225,2023,Corn,2024-03-29,5224.73
P0226,2023,Soybeans,2024-04-19,5447.83
P0227,2024,Corn,2024-05-02,3662.67
P0228,2023,Corn,2024-04-09,6117.11
P0229,2024,Rice,2024-04-15,6186.47
P0230,2024,Corn,2024-04-29,5425.37
P0231,2024,Wheat,2024-04-08,6849.22
P0232,2024,Corn,2024-04-30,5099.11
P0233,2024,Corn,2024-04-06,6177.53
P0234,2024,Corn,2024-04-11,4276.4
P0235,2023,Soybeans,2024-05-03,5471.74
P0236,2024,Corn,2024-04-03,5290.77
P0237,2023,Wheat,2024-04-29,5770.37
P0238,2023,Soybeans,2024-04-07,5056.57
P0239,2024,Rice,2024-04-09,5342.23
P0240,2023,Corn,2024-04-12,6491.26
P0241,2024,Wheat,2024-04-27,4975.88
P0242,2024,Wheat,2024-03-31,3572.11
P0243,2024,Wheat,2024-04-21,7599.5
P0244,2023,Wheat,2024-04-17,7157.74
P0245,2023,Wheat,2024-04-21,3949.28
P0246,2024,Soybeans,2024-04-28,6327.65
P0247,2024,Corn,2024-05-02,4896.43
P0248,2024,Corn,2024-04-08,5816.18
P0249,2024,Rice,2024-04-30,5853.07
P0250,2024,Soybeans,2024-04-02,5218.71
P0251,2023,Wheat,2024-04-29,4559.48
P0252,2023,Soybeans,2024-04-13,4671.35
P0253,2024,Corn,2024-04-24,4400.57
P0254,2023,Corn,2024-04-08,4501.81
P0255,2023,Soybeans,2024-04-14,5419.39
P0256,2024,Corn,2024-04-19,4641.09
P0257,2024,Corn,2024-05-04,6318.46
P0258,2024,Soybeans,2024-04-18,7284.7
P0259,2024,Corn,2024-04-08,4803.94
P0260,2023,Soybeans,2024-04-20,5787.29
P0261,2024,Corn,2024-05-02,6099.62
P0262,2024,Wheat,2024-04-17,6066.4
P0263,2023,Corn,2024-04-16,5591.15
P0264,2024,Soybeans,2024-04-13,6391.22
P0265,2024,Corn,2024-03-28,6078.7
P0266,2024,Corn,2024-04-13,4014.81
P0267,2024,Corn,2024-04-03,6542.99
P0268,2024,Soybeans,2024-04-22,6564.75
P0269,2023,Soybeans,2024-04-14,4584.06
P0270,2023,Corn,2024-04-01,5545.53
P0271,2024,Soybeans,2024-04-08,6319.99
P0272,2024,Wheat,2024-04-03,5248.82
P0273,2024,Wheat,2024-04-13,6787.57
P0274,2024,Corn,2024-04-08,8336.65
P0275,2024,Soybeans,2024-05-02,4556.82
P0276,2024,Corn,2024-04-30,3842.75
P0277,2024,Corn,2024-05-04,5864.58
P0278,2024,Rice,2024-04-11,6365.88
P0279,2024,Corn,2024-04-24,5222.96
P0280,2024,Soybeans,2024-04-03,7243.91
P0281,2024,Soybeans,2024-04-27,3893.67
P0282,2023,Soybeans,2024-04-19,6331.5
P0283,2023,Soybeans,2024-04-08,4772.97
P0284,2023,Corn,2024-04-05,7563.25
P0285,2024,Corn,2024-04-29,7891.02
P0286,2023,Soybeans,2024-04-08,4580.01
P0287,2024,Corn,2024-04-24,4840.53
P0288,2024,Corn,2024-03-29,6531.51
P0289,2023,Corn,2024-03-29,5035.44
P0290,2024,Corn,2024-04-22,5445.51
P0291,2023,Corn,2024-04-02,5530.47
P0292,2023,Corn,2024-03-27,3196.39
P0293,2024,Soybeans,2024-04-16,5483.39
P0294,2023,Soybeans,2024-04-10,4672.33
P0295,2023,Wheat,2024-04-23,4908.25
P0296,2024,Corn,2024-04-24,7232.36
P0297,2024,Corn,2024-04-06,3992.19
P0298,2023,Corn,2024-04-29,6475.85
P0299,2024,Soybeans,2024-04-05,5165.24
P0300,2023,Soybeans,2024-04-15,5164.29
P0301,2023,Corn,2024-04-15,6448.45
P0302,2024,Rice,2024-03-30,5908.06
P0303,2024,Corn,2024-04-14,6184.74
P0304,2024,Soybeans,2024-05-01,6661.82
P0305,2024,Soybeans,2024-03-28,5102.43
P0306,2024,Wheat,2024-04-27,4765.32
P0307,2024,Soybeans,2024-04-03,4197.82
P0308,2023,Wheat,2024-04-03,4509.51
P0309,2024,Corn,2024-03-29,9000.0
P0310,2023,Wheat,2024-04-29,6993.62
P0311,2024,Corn,2024-04-11,3878.71
P0312,2023,Wheat,2024-04-28,3913.05
P0313,2023,Soybeans,2024-04-18,6078.24
P0314,2024,Wheat,2024-04-26,6156.72
P0315,2024,Soybeans,2024-03-26,6158.66
P0316,2024,Soybeans,2024-04-02,5194.05
P0317,2024,Soybeans,2024-04-17,5349.45
P0318,2023,Soybeans,2024-05-04,5893.46
P0319,2023,Corn,2024-04-06,5603.07
P0320,2023,Corn,2024-04-06,2836.84
P0321,2024,Corn,2024-04-09,5224.24
P0322,2024,Corn,2024-04-13,4478.31
P0323,2024,Wheat,2024-04-20,5710.25
P0324,2023,Corn,2024-04-23,9000.0
P0325,2024,Rice,2024-04-16,5940.98
P0326,2024,Corn,2024-05-04,5123.76
P0327,2024,Corn,2024-04-15,6606.16
P0328,2024,Wheat,2024-05-02,6079.23
P0329,2024,Soybeans,2024-04-14,6004.11
P0330,2023,Soybeans,2024-04-23,6228.22
P0331,2023,Soybeans,2024-03-29,7967.85
P0332,2024,Soybeans,2024-04-01,4142.93
P0333,2023,Corn,2024-04-22,6068.36
P0334,2023,Rice,2024-04-22,4388.34
P0335,2023,Rice,2024-03-29,6166.62
P0336,2023,Soybeans,2024-04-16,4397.58
P0337,2024,Corn,2024-04-06,4999.16
P0338,2024,Soybeans,2024-03-28,5145.89
P0339,2024,Corn,2024-04-16,6670.98
P0340,2023,Corn,2024-03-27,6602.15
P0341,2024,Corn,2024-04-18,4005.14
P0342,2024,Soybeans,2024-04-28,5565.92
P0343,2023,Wheat,2024-04-21,4648.5
P0344,2024,Soybeans,2024-03-26,3989.79
P0345,2023,Soybeans,2024-04-02,5239.58
P0346,2024,Corn,2024-04-17,5129.82
P0347,2024,Corn,2024-05-02,8412.06
P0348,2023,Corn,2024-03-31,6019.55
P0349,2023,Rice,2024-04-16,3846.86
P0350,2024,Corn,2024-04-19,4822.27
P0351,2024,Wheat,2024-04-12,6725.66
P0352,2024,Soybeans,2024-04-11,8006.13
P0353,2024,Corn,2024-04-06,3596.82
P0354,2023,Soybeans,2024-03-31,3244.09
P0355,2023,Soybeans,2024-04-20,7745.16
P0356,2024,Wheat,2024-04-21,5967.54
P0357,2023,Rice,2024-04-02,4458.05
P0358,2024,Corn,2024-04-13,6141.55
P0359,2024,Corn,2024-03-26,2337.1
P0360,2024,Soybeans,2024-04-23,5504.05
P0361,2023,Rice,2024-04-29,5893.39
P0362,2024,Corn,2024-05-04,6609.12
P0363,2024,Soybeans,2024-04-08,4283.32
P0364,2024,Soybeans,2024-04-29,5602.82
P0365,2024,Soybeans,2024-04-14,4389.49
P0366,2023,Corn,2024-04-07,5806.46
P0367,2024,Soybeans,2024-05-02,4425.58
P0368,2024,Rice,2024-04-02,5010.28
P0369,2023,Corn,2024-04-14,4305.02
P0370,2023,Corn,2024-04-27,6281.36
P0371,2023,Rice,2024-04-20,6530.14
P0372,2023,Corn,2024-05-03,5218.46
P0373,2023,Wheat,2024-04-15,5545.89
P0374,2024,Soybeans,2024-04-03,3761.69
P0375,2023,Corn,2024-04-18,5140.39
P0376,2023,Wheat,2024-05-01,5439.75
P0377,2024,Corn,2024-04-11,8644.95
P0378,2023,Soybeans,2024-04-18,4165.64
P0379,2024,Corn,2024-04-15,7257.01
P0380,2023,Soybeans,2024-05-03,6696.23
P0381,2023,Corn,2024-05-03,5836.76
P0382,2024,Corn,2024-04-07,7610.34
P0383,2024,Rice,2024-04-05,5946.53
P0384,2024,Corn,2024-04-13,5966.99
P0385,2024,Soybeans,2024-04-05,5436.26
P0386,2024,Corn,2024-04-07,6968.28
P0387,2023,Wheat,2024-03-26,6815.76
P0388,2023,Corn,2024-05-04,4749.19
P0389,2024,Rice,2024-04-13,3916.9
P0390,2024,Soybeans,2024-04-06,5256.42
P0391,2024,Corn,2024-04-02,4539.95
P0392,2024,Corn,2024-04-02,5423.77
P0393,2023,Corn,2024-04-06,6984.93
P0394,2024,Soybeans,2024-04-27,4951.24
P0395,2023,Corn,2024-04-20,5448.61
P0396,2024,Wheat,2024-05-03,5569.63
P0397,2024,Corn,2024-04-22,6518.12
P0398,2024,Corn,2024-03-30,2803.73
P0399,2024,Soybeans,2024-04-02,4771.96
P0400,2024,Soybeans,2024-04-19,5753.54
P0401,2023,Corn,2024-04-21,6940.09
P0402,2024,Corn,2024-04-17,4909.72
P0403,2024,Corn,2024-04-24,3248.14
P0404,2024,Soybeans,2024-04-17,6243.65
P0405,2023,Soybeans,2024-04-14,4737.57
P0406,2024,Soybeans,2024-04-12,4072.4
P0407,2023,Wheat,2024-04-12,4750.79
P0408,2023,Wheat,2024-03-27,5278.57
P0409,2024,Soybeans,2024-03-29,4774.31
P0410,2023,Wheat,2024-04-24,2853.32
P0411,2023,Corn,2024-04-27,6576.48
P0412,2024,Corn,2024-04-30,7029.85
P0413,2024,Corn,2024-04-12,6281.83
P0414,2024,Corn,2024-05-01,4134.78
P0415,2024,Soybeans,2024-04-13,5258.21
P0416,2024,Rice,2024-04-22,5492.17
P0417,2023,Corn,2024-05-04,6218.55
P0418,2023,Corn,2024-04-14,6302.01
P0419,2024,Soybeans,2024-04-27,4618.99
P0420,2024,Rice,2024-04-06,5598.39
P0421,2024,Corn,2024-04-09,6048.74
P0422,2024,Soybeans,2024-05-03,7246.99
P0423,2023,Corn,2024-03-27,6345.41
P0424,2024,Corn,2024-04-23,6446.87
P0425,2023,Rice,2024-04-04,5600.59
P0426,2024,Rice,2024-03-27,7192.55
P0427,2024,Corn,2024-04-05,5991.72
P0428,2024,Rice,2024-04-07,4466.69
P0429,2023,Soybeans,2024-04-04,7184.04
P0430,2023,Wheat,2024-04-08,6337.48
P0431,2023,Soybeans,2024-04-12,4968.35
P0432,2024,Soybeans,2024-04-03,4924.61
P0433,2024,Soybeans,2024-05-03,5855.89
P0434,2023,Soybeans,2024-04-22,6055.82
P0435,2023,Corn,2024-03-28,5736.75
P0436,2024,Corn,2024-04-14,5873.57
P0437,2023,Corn,2024-03-31,7539.95
P0438,2024,Soybeans,2024-04-21,6785.85
P0439,2024,Corn,2024-03-27,5728.76
P0440,2023,Soybeans,2024-04-23,6629.57
P0441,2023,Rice,2024-05-02,4260.97
P0442,2024,Corn,2024-03-28,5977.51
P0443,2023,Soybeans,2024-04-10,7671.17
P0444,2023,Corn,2024-04-24,5238.34
P0445,2024,Wheat,2024-05-04,4482.84
P0446,2024,Corn,2024-03-27,4717.49
P0447,2024,Soybeans,2024-04-11,4192.44
P0448,2024,Wheat,2024-04-06,4558.29
P0449,2023,Rice,2024-04-29,5055.39
P0450,2023,Soybeans,2024-03-26,3813.32
P0451,2024,Soybeans,2024-04-09,5518.74
P0452,2024,Soybeans,2024-04-20,6582.73
P0453,2024,Wheat,2024-05-01,4410.69
P0454,2024,Soybeans,2024-04-15,7323.14
P0455,2023,Corn,2024-04-25,6112.95
P0456,2024,Rice,2024-04-19,6736.7
P0457,2023,Soybeans,2024-04-17,4710.6
P0458,2024,Soybeans,2024-04-18,6525.43
P0459,2023,Corn,2024-05-02,4189.68
P0460,2023,Soybeans,2024-04-22,6568.3
P0461,2023,Corn,2024-04-15,5706.21
P0462,2024,Soybeans,2024-04-12,6163.9
P0463,2024,Corn,2024-04-30,4089.29
P0464,2024,Soybeans,2024-04-29,4425.92
P0465,2024,Rice,2024-04-03,6216.67
P0466,2023,Corn,2024-05-02,4361.98
P0467,2023,Rice,2024-04-24,6055.85
P0468,2024,Corn,2024-04-28,3859.43
P0469,2023,Wheat,2024-04-26,6517.81
P0470,2024,Wheat,2024-03-28,4020.97
P0471,2023,Soybeans,2024-03-28,6162.76
P0472,2024,Soybeans,2024-04-22,6250.76
P0473,2023,Wheat,2024-04-09,4663.87
P0474,2024,Corn,2024-04-17,6198.43
P0475,2024,Corn,2024-05-04,5812.53
P0476,2024,Soybeans,2024-04-05,4853.39
P0477,2023,Wheat,2024-04-26,4289.73
P0478,2024,Wheat,2024-04-30,3144.85
P0479,2024,Wheat,2024-04-27,5919.58
P0480,2024,Corn,2024-04-18,3622.24
P0481,2024,Wheat,2024-05-03,5614.41
P0482,2024,Corn,2024-04-28,5183.86
P0483,2024,Soybeans,2024-04-22,6314.97
P0484,2024,Corn,2024-05-01,5137.55
P0485,2024,Corn,2024-04-01,5104.66
P0486,2024,Corn,2024-03-29,6378.24
P0487,2023,Corn,2024-05-01,5902.07
P0488,2023,Soybeans,2024-03-26,5879.39
P0489,2024,Corn,2024-03-26,6063.12
P0490,2024,Corn,2024-04-14,3657.31
P0491,2024,Corn,2024-04-13,6408.15
P0492,2024,Corn,2024-04-23,6234.96
P0493,2023,Corn,2024-04-04,4279.98
P0494,2023,Corn,2024-04-12,5207.1
P0495,2024,Soybeans,2024-04-22,5452.83
P0496,2023,Soybeans,2024-04-29,5338.6
P0497,2024,Soybeans,2024-04-25,5900.63
P0498,2023,Soybeans,2024-04-21,7217.64
P0499,2024,Corn,2024-04-05,6798.12
P0500,2024,Wheat,2024-05-02,3925.34
P0501,2024,Soybeans,2024-03-30,6246.48
P0502,2024,Soybeans,2024-04-02,7094.72
P0503,2023,Corn,2024-04-28,5964.17
P0504,2024,Corn,2024-04-06,6809.18
P0505,2024,Corn,2024-05-02,7914.72
P0506,2023,Corn,2024-03-26,6728.45
P0507,2024,Soybeans,2024-04-25,5799.17
P0508,2024,Soybeans,2024-03-29,6754.11
P0509,2024,Soybeans,2024-03-30,5673.87
P0510,2024,Wheat,2024-04-24,5528.68
P0511,2024,Wheat,2024-04-18,5078.3
P0512,2024,Soybeans,2024-03-28,7376.1
P0513,2024,Rice,2024-04-05,4517.89
P0514,2024,Corn,2024-03-29,7338.84
P0515,2023,Corn,2024-04-20,6099.84
P0516,2023,Corn,2024-04-21,3820.83
P0517,2023,Soybeans,2024-04-21,5941.18
P0518,2024,Wheat,2024-03-31,2979.97
P0519,2024,Corn,2024-04-09,6250.61
P0520,2023,Rice,2024-04-24,6562.28
P0521,2024,Corn,2024-05-01,4789.17
P0522,2023,Rice,2024-05-01,5648.26
P0523,2024,Corn,2024-05-01,7844.99
P0524,2024,Corn,2024-04-29,4893.1
P0525,2024,Soybeans,2024-04-17,4229.31
P0526,2024,Corn,2024-03-31,7278.0
P0527,2024,Corn,2024-03-29,7855.1
P0528,2023,Corn,2024-04-12,5504.43
P0529,2023,Wheat,2024-04-03,6713.76
P0530,2024,Soybeans,2024-04-23,7109.77
P0531,2024,Corn,2024-04-07,4609.02
P0532,2024,Soybeans,2024-04-11,4917.63
P0533,2024,Soybeans,2024-04-26,6977.05
P0534,2024,Corn,2024-04-16,7522.02
P0535,2024,Corn,2024-03-29,6175.46
P0536,2024,Corn,2024-03-30,4444.22
P0537,2024,Corn,2024-05-01,7884.47
P0538,2023,Soybeans,2024-04-07,4862.83
P0539,2024,Corn,2024-04-28,5097.83
P0540,2023,Soybeans,2024-04-16,5910.81
P0541,2024,Soybeans,2024-04-17,7364.99
P0542,2024,Corn,2024-03-28,6524.77
P0543,2023,Soybeans,2024-04-28,5997.84
P0544,2024,Corn,2024-04-26,6055.95
P0545,2024,Rice,2024-04-15,5552.22
P0546,2023,Soybeans,2024-04-15,6169.77
P0547,2023,Wheat,2024-04-05,2464.53
P0548,2024,Soybeans,2024-05-03,5144.07
P0549,2024,Corn,2024-03-29,5789.59
P0550,2024,Soybeans,2024-03-26,4118.78
P0551,2024,Rice,2024-04-22,5963.59
P0552,2024,Soybeans,2024-04-18,5254.63
P0553,2024,Wheat,2024-04-29,7606.57
P0554,2024,Wheat,2024-04-07,7387.62
P0555,2024,Corn,2024-04-28,4941.03
P0556,2024,Corn,2024-04-05,5318.99
P0557,2023,Soybeans,2024-04-30,5411.26
P0558,2023,Corn,2024-04-11,4958.01
P0559,2024,Wheat,2024-04-29,5734.03
P0560,2024,Rice,2024-04-12,4590.06
P0561,2024,Corn,2024-05-04,4143.26
P0562,2023,Corn,2024-04-16,6247.25
P0563,2023,Wheat,2024-04-18,6255.44
P0564,2023,Corn,2024-04-13,4534.82
P0565,2023,Wheat,2024-05-01,6574.43
P0566,2024,Corn,2024-05-03,4742.11
P0567,2023,Soybeans,2024-04-15,5803.8
P0568,2024,Corn,2024-04-02,6484.41
P0569,2024,Soybeans,2024-04-22,5459.66
P0570,2023,Soybeans,2024-03-30,6045.69
P0571,2024,Soybeans,2024-04-11,4880.28
P0572,2024,Corn,2024-05-01,5264.24
P0573,2023,Soybeans,2024-04-30,5252.97
P0574,2024,Wheat,2024-04-13,4604.11
P0575,2024,Corn,2024-04-21,5287.87
P0576,2024,Corn,2024-04-28,3641.66
P0577,2023,Corn,2024-04-05,4910.62
P0578,2024,Soybeans,2024-04-06,5158.15
P0579,2024,Soybeans,2024-04-15,5192.58
P0580,2023,Soybeans,2024-04-05,5210.2
P0581,2024,Corn,2024-05-03,5425.88
P0582,2024,Corn,2024-04-22,6075.33
P0583,2024,Soybeans,2024-03-30,6549.42
P0584,2023,Soybeans,2024-04-11,4720.28
P0585,2024,Rice,2024-04-14,4056.16
P0586,2023,Corn,2024-04-06,4249.55
P0587,2023,Soybeans,2024-03-31,4915.36
P0588,2023,Corn,2024-04-11,5077.69
P0589,2023,Corn,2024-04-13,4576.0
P0590,2023,Soybeans,2024-04-20,3944.66
P0591,2023,Soybeans,2024-04-26,4952.66
P0592,2024,Rice,2024-03-31,5717.71
P0593,2023,Corn,2024-04-30,6214.04
P0594,2023,Corn,2024-05-02,4831.09
P0595,2024,Soybeans,2024-04-05,5004.4
P0596,2024,Soybeans,2024-04-27,4387.96
P0597,2024,Corn,2024-04-18,5462.27
P0598,2023,Corn,2024-04-17,4481.89
P0599,2023,Corn,2024-04-09,6187.75
P0600,2023,Wheat,2024-04-21,3356.96
P0601,2023,Corn,2024-04-05,5068.44
P0602,2023,Corn,2024-04-11,5861.33
P0603,2023,Corn,2024-04-08,5720.6
P0604,2023,Corn,2024-04-21,8731.64
P0605,2023,Corn,2024-04-12,5919.76
P0606,2024,Soybeans,2024-04-22,4295.13
P0607,2023,Corn,2024-03-29,5385.44
P0608,2023,Wheat,2024-04-01,3368.5
P0609,2024,Corn,2024-04-29,5403.28
P0610,2024,Soybeans,2024-04-03,4500.33
P0611,2023,Wheat,2024-04-02,6598.47
P0612,2024,Soybeans,2024-04-11,4840.55
P0613,2024,Soybeans,2024-04-11,5359.88
P0614,2023,Corn,2024-04-27,4737.33
P0615,2024,Corn,2024-04-26,7586.62
P0616,2024,Soybeans,2024-04-02,5114.51
P0617,2023,Rice,2024-04-13,7699.07
P0618,2023,Soybeans,2024-05-02,6476.98
P0619,2024,Soybeans,2024-03-28,6078.48
P0620,2024,Soybeans,2024-03-30,5942.48
P0621,2023,Soybeans,2024-04-07,5972.56
P0622,2023,Corn,2024-04-25,3186.79
P0623,2023,Soybeans,2024-04-10,5165.34
P0624,2024,Rice,2024-04-26,6514.19
P0625,2024,Corn,2024-04-16,5441.32
P0626,2023,Soybeans,2024-04-23,3813.77
P0627,2024,Corn,2024-04-16,5437.11
P0628,2024,Soybeans,2024-03-28,7544.93
P0629,2023,Corn,2024-04-04,6996.27
P0630,2023,Soybeans,2024-04-15,5425.6
P0631,2024,Wheat,2024-04-10,6641.74
P0632,2024,Corn,2024-04-06,5060.19
P0633,2024,Soybeans,2024-03-27,3455.35
P0634,2024,Wheat,2024-04-18,4390.64
P0635,2023,Rice,2024-04-29,7375.47
P0636,2024,Corn,2024-04-24,5171.21
P0637,2024,Corn,2024-04-24,5207.94
P0638,2023,Corn,2024-04-29,5140.19
P0639,2023,Rice,2024-04-13,7784.96
P0640,2023,Rice,2024-04-02,7451.15
P0641,2023,Soybeans,2024-04-20,8162.54
P0642,2023,Wheat,2024-05-04,5309.15
P0643,2023,Soybeans,2024-04-01,5854.75
P0644,2023,Soybeans,2024-04-24,3680.03
P0645,2023,Corn,2024-04-01,7272.32
P0646,2024,Wheat,2024-03-28,4098.66
P0647,2024,Corn,2024-03-26,5760.13
P0648,2024,Wheat,2024-04-30,4183.24
P0649,2024,Wheat,2024-04-19,4793.36
P0650,2024,Soybeans,2024-05-01,4495.29
P0651,2023,Corn,2024-03-26,4770.55
P0652,2024,Corn,2024-04-09,4853.05
P0653,2024,Corn,2024-05-01,4842.08
P0654,2024,Corn,2024-04-07,6500.0
P0655,2024,Corn,2024-05-04,4174.16
P0656,2023,Rice,2024-04-02,5764.65
P0657,2023,Soybeans,2024-03-30,6961.55
P0658,2023,Corn,2024-04-03,4884.16
P0659,2024,Corn,2024-03-26,4638.5
P0660,2024,Corn,2024-04-30,5223.37
P0661,2023,Soybeans,2024-04-29,6915.67
P0662,2024,Soybeans,2024-03-27,5732.93
P0663,2024,Rice,2024-05-04,4862.54
P0664,2023,Soybeans,2024-04-17,6080.65
P0665,2023,Rice,2024-04-03,4177.25
P0666,2023,Wheat,2024-04-28,6317.63
P0667,2023,Corn,2024-04-08,5990.33
P0668,2023,Rice,2024-03-29,5130.63
P0669,2023,Corn,2024-04-24,4493.7
P0670,2023,Wheat,2024-04-25,4435.98
P0671,2023,Corn,2024-05-02,6141.78
P0672,2024,Wheat,2024-04-05,6974.78
P0673,2023,Wheat,2024-04-29,4735.23
P0674,2024,Wheat,2024-04-02,6050.06
P0675,2024,Wheat,2024-03-28,2995.57
P0676,2024,Corn,2024-04-08,4798.46
P0677,2023,Corn,2024-04-07,5462.73
P0678,2023,Corn,2024-04-26,4408.38
P0679,2024,Corn,2024-04-28,4376.19
P0680,2024,Soybeans,2024-04-13,4698.66
P0681,2024,Corn,2024-05-02,5850.63
P0682,2023,Rice,2024-04-10,5275.21
P0683,2023,Soybeans,2024-03-27,2814.12
P0684,2024,Wheat,2024-05-04,2955.16
P0685,2024,Corn,2024-04-11,4771.76
P0686,2024,Wheat,2024-04-28,6049.22
P0687,2024,Rice,2024-04-10,2202.99
P0688,2023,Soybeans,2024-05-02,4900.32
P0689,2024,Soybeans,2024-03-27,4868.5
P0690,2023,Wheat,2024-03-27,7166.01
P0691,2023,Corn,2024-04-20,5037.97
P0692,2024,Soybeans,2024-04-07,5959.59
P0693,2024,Corn,2024-04-25,5669.51
P0694,2023,Corn,2024-04-28,2943.32
P0695,2023,Corn,2024-05-03,6421.85
P0696,2024,Corn,2024-03-28,5758.48
P0697,2023,Corn,2024-04-02,6109.92
P0698,2024,Corn,2024-04-17,9000.0
P0699,2023,Rice,2024-04-08,2999.06
P0700,2024,Soybeans,2024-04-21,7569.64
P0701,2024,Rice,2024-04-23,5155.06
P0702,2023,Corn,2024-05-03,5844.79
P0703,2023,Corn,2024-05-03,5445.39
P0704,2023,Soybeans,2024-03-26,4990.92
P0705,2023,Corn,2024-04-11,4816.2
P0706,2024,Corn,2024-04-24,5895.41
P0707,2023,Soybeans,2024-04-07,3679.39
P0708,2024,Corn,2024-04-15,6400.7
P0709,2023,Soybeans,2024-04-13,5000.57
P0710,2024,Soybeans,2024-04-13,4143.92
P0711,2024,Corn,2024-04-19,4959.98
P0712,2024,Corn,2024-04-16,7008.58
P0713,2024,Wheat,2024-04-25,4857.6
P0714,2024,Soybeans,2024-04-11,5930.14
P0715,2023,Corn,2024-04-17,4622.85
P0716,2024,Rice,2024-04-26,6409.51
P0717,2024,Corn,2024-04-04,6322.61
P0718,2024,Soybeans,2024-04-04,7718.33
P0719,2023,Rice,2024-04-30,5289.32
P0720,2024,Corn,2024-04-02,6302.39
P0721,2024,Corn,2024-04-14,5617.68
P0722,2023,Corn,2024-04-26,7055.05
P0723,2023,Corn,2024-04-08,4637.4
P0724,2024,Corn,2024-04-22,6394.01
P0725,2024,Soybeans,2024-04-18,5266.36
P0726,2024,Corn,2024-04-09,5422.97
P0727,2023,Soybeans,2024-04-16,5610.1
P0728,2024,Rice,2024-04-24,5802.69
P0729,2023,Wheat,2024-03-29,5360.53
P0730,2023,Soybeans,2024-04-07,5757.66
P0731,2023,Corn,2024-04-17,7393.74
P0732,2024,Soybeans,2024-04-02,6682.54
P0733,2024,Soybeans,2024-04-12,6542.99
P0734,2024,Corn,2024-04-06,4953.35
P0735,2023,Corn,2024-04-25,4432.91
P0736,2024,Wheat,2024-04-08,6646.36
P0737,2023,Corn,2024-04-28,6551.26
P0738,2024,Corn,2024-04-12,7267.2
P0739,2024,Corn,2024-04-28,4775.22
P0740,2023,Corn,2024-04-05,5224.54
P0741,2024,Wheat,2024-04-06,3532.62
P0742,2023,Soybeans,2024-04-09,5029.03
P0743,2024,Wheat,2024-04-25,6695.88
P0744,2024,Corn,2024-04-23,4940.21
P0745,2023,Corn,2024-04-20,6268.58
P0746,2024,Soybeans,2024-04-12,5271.4
P0747,2023,Corn,2024-04-26,5888.87
P0748,2024,Corn,2024-04-16,4122.77
P0749,2024,Wheat,2024-05-02,5602.25
P0750,2024,Corn,2024-04-11,1910.64
P0751,2023,Soybeans,2024-04-17,5275.72
P0752,2024,Corn,2024-04-18,3543.43
P0753,2024,Corn,2024-04-02,6947.19
P0754,2023,Corn,2024-03-31,6432.89
P0755,2023,Rice,2024-03-30,6060.01
P0756,2024,Wheat,2024-04-23,7325.21
P0757,2024,Rice,2024-04-22,4361.3
P0758,2024,Soybeans,2024-04-05,7596.84
P0759,2024,Corn,2024-03-26,6618.63
P0760,2024,Soybeans,2024-04-13,5216.13
P0761,2023,Soybeans,2024-04-03,6862.74
P0762,2023,Wheat,2024-04-21,4172.45
P0763,2023,Corn,2024-04-28,4510.58
P0764,2024,Soybeans,2024-03-29,4769.69
P0765,2023,Corn,2024-04-30,4865.23
P0766,2024,Corn,2024-04-12,4232.13
P0767,2024,Soybeans,2024-04-09,6967.7
P0768,2024,Soybeans,2024-04-07,5189.37
P0769,2023,Corn,2024-04-13,5923.01
P0770,2024,Corn,2024-03-31,4815.58
P0771,2023,Soybeans,2024-04-06,3315.28
P0772,2024,Wheat,2024-05-01,5824.07
P0773,2023,Wheat,2024-04-11,3205.29
P0774,2023,Rice,2024-04-17,5417.64
P0775,2024,Wheat,2024-04-20,3858.02
P0776,2023,Corn,2024-04-23,7884.73
P0777,2023,Soybeans,2024-04-27,6593.64
P0778,2024,Corn,2024-04-21,5626.9
P0779,2024,Corn,2024-04-19,7016.45
P0780,2024,Wheat,2024-04-04,4484.42
P0781,2024,Corn,2024-04-17,6152.18
P0782,2024,Rice,2024-04-15,5739.77
P0783,2023,Soybeans,2024-04-15,5816.82
P0784,2023,Soybeans,2024-04-07,7026.82
P0785,2023,Soybeans,2024-05-01,6378.99
P0786,2024,Wheat,2024-04-27,5846.47
P0787,2024,Soybeans,2024-04-18,3514.14
P0788,2024,Soybeans,2024-04-05,4347.94
P0789,2024,Corn,2024-04-11,5352.75
P0790,2024,Soybeans,2024-03-29,5612.05
P0791,2023,Corn,2024-04-19,4143.76
P0792,2024,Soybeans,2024-04-24,8394.01
P0793,2024,Soybeans,2024-04-03,7319.67
P0794,2024,Soybeans,2024-04-15,6222.54
P0795,2023,Corn,2024-04-14,5586.44
P0796,2024,Corn,2024-04-13,5245.35
P0797,2024,Soybeans,2024-04-13,4357.7
P0798,2024,Corn,2024-04-06,5592.98
P0799,2024,Corn,2024-05-01,5809.3
P0800,2024,Corn,2024-04-11,4009.89
P0801,2024,Rice,2024-05-01,5901.01
P0802,2023,Soybeans,2024-05-03,5313.69
P0803,2024,Corn,2024-04-22,3210.63
P0804,2024,Corn,2024-04-29,4467.54
P0805,2024,Corn,2024-04-12,5003.67
P0806,2024,Wheat,2024-04-08,7765.23
P0807,2024,Soybeans,2024-04-29,6167.86
P0808,2024,Corn,2024-04-01,3897.42
P0809,2024,Corn,2024-04-07,6083.24
P0810,2023,Corn,2024-04-12,3643.24
P0811,2024,Soybeans,2024-05-01,6799.23
P0812,2024,Wheat,2024-04-07,4934.65
P0813,2023,Corn,2024-04-30,5387.64
P0814,2024,Corn,2024-04-25,7090.96
P0815,2024,Corn,2024-03-27,3955.4
P0816,2024,Rice,2024-04-10,3823.46
P0817,2024,Corn,2024-04-03,4799.68
P0818,2023,Wheat,2024-04-03,6746.05
P0819,2023,Soybeans,2024-05-02,3676.78
P0820,2023,Corn,2024-04-05,2101.41
P0821,2024,Corn,2024-04-16,4958.61
P0822,2023,Corn,2024-04-27,6162.09
P0823,2023,Soybeans,2024-04-30,6940.31
P0824,2023,Wheat,2024-04-17,4944.21
P0825,2024,Soybeans,2024-04-28,5006.29
P0826,2024,Soybeans,2024-04-03,6884.68
P0827,2023,Corn,2024-04-18,3256.31
P0828,2023,Rice,2024-04-02,5033.78
P0829,2024,Wheat,2024-04-01,5728.51
P0830,2024,Corn,2024-04-30,6039.06
P0831,2023,Rice,2024-04-12,4888.23
P0832,2024,Soybeans,2024-03-28,5541.33
P0833,2023,Soybeans,2024-04-22,2514.01
P0834,2023,Soybeans,2024-03-31,4710.1
P0835,2024,Wheat,2024-04-15,6044.21
P0836,2024,Soybeans,2024-04-22,4321.25
P0837,2024,Corn,2024-05-04,5570.78
P0838,2023,Corn,2024-03-26,6036.25
P0839,2024,Rice,2024-04-30,5088.94
P0840,2024,Corn,2024-04-15,5704.56
P0841,2023,Corn,2024-04-29,4344.72
P0842,2024,Corn,2024-04-07,5252.07
P0843,2023,Corn,2024-04-04,6232.26
P0844,2024,Soybeans,2024-04-04,5688.37
P0845,2023,Rice,2024-04-07,4796.16
P0846,2024,Corn,2024-05-01,5769.06
P0847,2023,Corn,2024-05-02,6357.53
P0848,2024,Corn,2024-04-18,3040.07
P0849,2024,Wheat,2024-03-27,6890.89
P0850,2024,Soybeans,2024-04-16,5096.49
P0851,2023,Corn,2024-04-11,6010.59
P0852,2024,Wheat,2024-04-30,6936.7
P0853,2023,Wheat,2024-04-08,3853.99
P0854,2024,Wheat,2024-04-04,4648.67
P0855,2023,Rice,2024-04-29,5153.74
P0856,2023,Corn,2024-04-19,4559.5
P0857,2023,Wheat,2024-03-28,7581.92
P0858,2024,Soybeans,2024-05-02,4471.87
P0859,2024,Wheat,2024-04-11,4833.34
P0860,2023,Soybeans,2024-04-06,5745.27
P0861,2024,Wheat,2024-04-18,4057.42
P0862,2024,Soybeans,2024-04-23,5025.18
P0863,2024,Corn,2024-04-19,5880.94
P0864,2024,Soybeans,2024-04-30,5100.57
P0865,2024,Rice,2024-04-20,5387.94
P0866,2024,Rice,2024-05-02,4864.8
P0867,2023,Corn,2024-03-26,3682.64
P0868,2023,Corn,2024-04-14,5885.91
P0869,2024,Corn,2024-04-22,7605.92
P0870,2024,Soybeans,2024-04-10,5522.08
P0871,2023,Wheat,2024-04-11,5770.32
P0872,2023,Corn,2024-05-04,6331.27
P0873,2024,Soybeans,2024-04-22,3976.8
P0874,2024,Wheat,2024-04-06,7543.02
P0875,2023,Soybeans,2024-04-21,5742.79
P0876,2023,Soybeans,2024-04-24,7458.23
P0877,2024,Soybeans,2024-04-28,4620.36
P0878,2024,Soybeans,2024-05-01,7681.67
P0879,2023,Corn,2024-03-31,6430.19
P0880,2023,Soybeans,2024-04-01,6163.65
P0881,2023,Soybeans,2024-04-26,5780.83
P0882,2024,Wheat,2024-04-26,5201.77
P0883,2023,Soybeans,2024-04-19,6940.64
P0884,2023,Wheat,2024-04-27,5668.43
P0885,2024,Corn,2024-04-01,3139.52
P0886,2023,Soybeans,2024-04-06,4159.38
P0887,2024,Corn,2024-04-10,5276.99
P0888,2023,Corn,2024-04-10,5872.0
P0889,2023,Soybeans,2024-04-30,5432.09
P0890,2023,Rice,2024-04-07,6962.76
P0891,2024,Corn,2024-04-01,3158.68
P0892,2024,Corn,2024-04-30,5672.31
P0893,2024,Wheat,2024-04-03,3318.42
P0894,2023,Corn,2024-04-26,6411.65
P0895,2024,Soybeans,2024-04-05,5386.65
P0896,2023,Soybeans,2024-04-02,6003.53
P0897,2023,Soybeans,2024-04-27,4463.34
P0898,2024,Corn,2024-04-17,7035.36
P0899,2023,Corn,2024-04-19,6750.07
P0900,2023,Wheat,2024-04-02,6200.25
P0901,2023,Soybeans,2024-04-16,5344.58
P0902,2023,Corn,2024-03-29,6195.83
P0903,2023,Wheat,2024-05-04,4651.73
P0904,2024,Corn,2024-03-28,6526.67
P0905,2024,Soybeans,2024-04-23,7479.38
P0906,2024,Corn,2024-04-23,6784.73
P0907,2024,Rice,2024-04-28,4624.48
P0908,2023,Corn,2024-04-28,5933.7
P0909,2023,Corn,2024-04-22,3948.23
P0910,2023,Corn,2024-04-07,6186.87
P0911,2024,Corn,2024-04-09,6040.72
P0912,2023,Wheat,2024-04-17,3256.22
P0913,2024,Rice,2024-04-20,4105.86
P0914,2024,Corn,2024-03-29,5160.23
P0915,2024,Corn,2024-04-20,5138.97
P0916,2024,Soybeans,2024-05-04,4048.63
P0917,2023,Wheat,2024-04-03,5966.77
P0918,2024,Soybeans,2024-03-30,5801.77
P0919,2024,Corn,2024-04-26,5266.88
P0920,2023,Corn,2024-04-14,4593.05
P0921,2024,Soybeans,2024-04-05,6758.45
P0922,2024,Corn,2024-04-09,7486.49
P0923,2024,Soybeans,2024-04-26,4919.73
P0924,2024,Corn,2024-04-22,4765.4
P0925,2024,Wheat,2024-04-16,6089.45
P0926,2023,Corn,2024-04-11,5070.36
P0927,2023,Soybeans,2024-04-20,5332.72
P0928,2024,Soybeans,2024-04-01,6387.58
P0929,2024,Soybeans,2024-04-20,3208.77
P0930,2023,Corn,2024-04-19,7081.96
P0931,2023,Soybeans,2024-04-04,5587.22
P0932,2024,Soybeans,2024-04-13,5006.21
P0933,2024,Soybeans,2024-04-05,5392.92
P0934,2024,Soybeans,2024-04-07,5454.92
P0935,2023,Soybeans,2024-04-02,3422.56
P0936,2023,Wheat,2024-05-04,7293.93
P0937,2023,Corn,2024-03-29,5549.59
P0938,2024,Wheat,2024-04-25,6031.6
P0939,2023,Soybeans,2024-04-22,6641.86
P0940,2024,Corn,2024-04-05,4274.61
P0941,2023,Corn,2024-03-26,6068.17
P0942,2024,Corn,2024-05-02,5178.83
P0943,2024,Wheat,2024-04-18,6516.12
P0944,2024,Soybeans,2024-04-25,2947.33
P0945,2023,Wheat,2024-04-20,5381.09
P0946,2023,Soybeans,2024-03-30,4776.62
P0947,2023,Corn,2024-04-14,6018.72
P0948,2024,Corn,2024-04-05,6064.05
P0949,2024,Corn,2024-04-27,4650.85
P0950,2024,Corn,2024-05-02,4645.39
P0951,2024,Corn,2024-04-21,5367.2
P0952,2024,Corn,2024-04-28,4424.03
P0953,2023,Soybeans,2024-04-09,6510.38
P0954,2024,Soybeans,2024-04-26,5056.95
P0955,2024,Rice,2024-04-15,2011.61
P0956,2023,Rice,2024-03-30,5050.21
P0957,2024,Soybeans,2024-03-31,4253.75
P0958,2023,Corn,2024-05-02,3542.47
P0959,2023,Soybeans,2024-04-16,4015.09
P0960,2024,Wheat,2024-04-12,5631.29
P0961,2023,Corn,2024-04-08,7094.37
P0962,2024,Corn,2024-04-04,5875.82
P0963,2023,Wheat,2024-04-07,4772.2
P0964,2023,Corn,2024-04-25,6047.09
P0965,2023,Soybeans,2024-04-24,4949.09
P0966,2023,Soybeans,2024-03-28,4666.48
P0967,2024,Corn,2024-04-24,4114.76
P0968,2023,Corn,2024-03-31,3397.81
P0969,2024,Corn,2024-04-23,5032.09
P0970,2024,Corn,2024-04-02,5689.66
P0971,2024,Corn,2024-04-27,5384.05
P0972,2024,Wheat,2024-04-11,5000.84
P0973,2024,Corn,2024-04-05,4365.1
P0974,2023,Soybeans,2024-04-07,6229.9
P0975,2023,Corn,2024-04-05,3919.44
P0976,2023,Rice,2024-04-25,6431.23
P0977,2024,Corn,2024-04-22,4297.34
P0978,2023,Corn,2024-03-31,4597.08
P0979,2024,Wheat,2024-04-10,3739.86
P0980,2024,Wheat,2024-03-29,4898.32
P0981,2023,Corn,2024-04-29,6670.37
P0982,2024,Wheat,2024-04-20,6118.75
P0983,2023,Soybeans,2024-04-06,6674.11
P0984,2023,Soybeans,2024-04-05,6126.57
P0985,2024,Corn,2024-05-01,4175.6
P0986,2024,Corn,2024-04-19,5103.05
P0987,2024,Soybeans,2024-04-12,4563.76
P0988,2024,Soybeans,2024-04-13,7096.69
P0989,2023,Corn,2024-04-17,4063.85
P0990,2024,Soybeans,2024-05-02,6572.44
P0991,2024,Wheat,2024-04-12,6571.54
P0992,2024,Corn,2024-04-20,7695.54
P0993,2023,Soybeans,2024-03-31,5008.38
P0994,2024,Corn,2024-03-29,6354.79
P0995,2023,Wheat,2024-04-23,8237.98
P0996,2023,Soybeans,2024-04-28,4758.83
P0997,2024,Rice,2024-04-11,3657.95
P0998,2023,Corn,2024-04-10,3243.99
P0999,2024,Corn,2024-03-27,6355.25
P1000,2024,Corn,2024-04-28,3240.22
